Ontology ID	parent class	label	definition	Equivalence axiom	Subclass axiom	definition source	created	term editor	English syn.	British english syn.	Italian syn.	French syn.	german syn.	spanish syn.	portuguese syn.	see also	curation status	comment	image	Curation notes							
ID	SC % SPLIT=|	AL rdfs:label@en	AL IAO:0000115@en	EC %		A IAO:0000119 SPLIT=|	AT dc:date^^xsd:dateTime	A IAO:0000117 SPLIT=|	AL oboInOwl:hasExactSynonym@en SPLIT=|	AL oboInOwl:hasExactSynonym@en-BR SPLIT=|	AL oboInOwl:hasExactSynonym@it SPLIT=|	AL oboInOwl:hasExactSynonym@fr SPLIT=|	AL oboInOwl:hasExactSynonym@ge SPLIT=|	AL oboInOwl:hasExactSynonym@es SPLIT=|	AL oboInOwl:hasExactSynonym@pt SPLIT=|	A rdfs:seeAlso SPLIT=|	AI IAO:0000114	AL rdfs:comment@en	AI schema:image								
http://purl.obolibrary.org/obo/NCBITaxon_121046		Leccinum aurantiacum																									
http://purl.obolibrary.org/obo/NCBITaxon_182632		Boletus reticulatus																									
http://purl.obolibrary.org/obo/NCBITaxon_34444		Lactarius <basidiomycetes>																									
http://purl.obolibrary.org/obo/NCBITaxon_55514		Lactarius deliciosus																									
																											
FAO:0000007		fruitbody																									
FOODON:00002473	pome fruit	apple (whole)	A pome fruit of an apple tree (Malus domestica).	(PO:0030110 and 'derives from' some NCBITaxon:3750)		FoodOn		http://orcid.org/0000-0002-8844-9165	apple								IAO:0000122	A whole apple may include a stem.									
FOODON:00002775	seed	bambara groundnut (whole)	A seed of a bambara groundnut plant (Vigna subterranea).	(PO:0009010 and ('derives from' some NCBITaxon:115715))		FoodOn	2019-07-09T17:59:28Z	http://orcid.org/0000-0002-8844-9165	bambara groundnut								IAO:0000122										
FOODON:03316257	berry fruit	banana (whole)	A berry fruit of a banana tree (Musa acuminata AAA Group).	(PO:0030108 and ('derives from' some NCBITaxon:214697))		FoodOn		http://orcid.org/0000-0002-8844-9165	banana								IAO:0000122										
FOODON:00003394	caryopsis fruit	barley seed (whole)	A caryopsis fruit of a barley plant (Hordeum vulgare subsp. vulgare).	(PO:0030104 and ('derives from' some NCBITaxon:112509))		FoodOn	2020-09-06T15:28:35Z	http://orcid.org/0000-0002-8844-9165	barley seed								IAO:0000122										
FOODON:03317254	primary root	beetroot (whole)	A primary root of a commonbeet plant (Beta vulgaris).	(PO:0020127 and ('derives from' some NCBITaxon:161934))		FoodOn		http://orcid.org/0000-0002-8844-9165	beetroot|beet								IAO:0000122										
FOODON:00003131	caryopsis fruit	common wheat kernel	A caryopsis fruit of a common wheat plant (Triticum aestivum).	(PO:0030104 and ('derives from' some NCBITaxon:4565))		https://en.wikipedia.org/wiki/Common_wheat	2019-08-25T16:34:00Z	http://orcid.org/0000-0002-8844-9165	bread wheat kernel|bread wheat								IAO:0000122	About 95% of wheat produced worldwide is common wheat.									
FOODON:00003405	raceme inflorescence	broccoli floret (whole)	A raceme inflorescence of a broccoli plant(Brassica oleracea var. italica).	(PO:0030115 and ('derives from' some NCBITaxon:36774))		FoodOn	2020-09-09T07:15:35Z	http://orcid.org/0000-0002-8844-9165	broccoli								IAO:0000122										
FOODON:03311885	axillary bud	brussels sprout (whole)	An axillary bud of the brussels sprout plant (Brassica oleracea var. gemmifera).	(PO:0004709 and ('derives from' some NCBITaxon:178616))		FoodOn		http://orcid.org/0000-0002-8844-9165	brussels sprouts								IAO:0000122										
FOODON:00003407	seed	rapeseed (whole)	A seed of a rapseed plant (Brassica napus subsp. napus).	(PO:0009010 and ('derives from' some NCBITaxon:138011))		FoodOn	2020-09-09T07:24:31Z	http://orcid.org/0000-0002-8844-9165	rapeseed								IAO:0000122										
FOODON:00003408	primary root	carrot root (whole)	A primary root of a carrot plant (Daucus carota).	(PO:0020127 and ('derives from' some NCBITaxon:4039))		FoodOn	2020-09-09T07:27:10Z	http://orcid.org/0000-0002-8844-9165	carrot								IAO:0000122										
FOODON:00003409	tuberous root tuber	cassava (whole)	A tuberous root tuber of a cassava plant (Manihot esculenta).	(PO:0025476 and ('derives from' some NCBITaxon:3983))		FoodOn	2020-09-09T07:33:05Z	http://orcid.org/0000-0002-8844-9165	cassava								IAO:0000122										
FOODON:00003410	raceme inflorescence	cauliflower (whole)	A raceme inflorescence of a cauliflower plant (Brassica oleracea var. botrytis).	(PO:0030115 and ('derives from' some NCBITaxon:3715))		FoodOn	2020-09-09T07:39:07Z	http://orcid.org/0000-0002-8844-9165	cauliflower								IAO:0000122										
FOODON:00003411	petiole	celery stalk (whole)	A petiole of a celery plant (Apium graveolens).	(PO:0020038 and ('derives from' some NCBITaxon:4045))		FoodOn	2020-09-09T07:43:45Z	http://orcid.org/0000-0002-8844-9165	celery stalk								IAO:0000122										
FOODON:00003413	drupe fruit	sweet cherry (whole)	A drupe fruit of a sweet cherry plant (Prunus avium).	(PO:0030103 and ('derives from' some NCBITaxon:42229))		FoodOn	2020-09-09T07:48:03Z	http://orcid.org/0000-0002-8844-9165	sweet cherry								IAO:0000122										
FOODON:03306811	seed	chickpea (whole)	A seed of a chickpea plant (Cicer arietinum).	(PO:0009010 and ('derives from' some NCBITaxon:3827))		FoodOn		http://orcid.org/0000-0002-8844-9165	chickpea|chick pea								IAO:0000122										
FOODON:00003449	drupe fruit	coconut (whole)	A drupe fruit of a coconut palm tree (Cocos nucifera).	(PO:0030103 and ('derives from' some NCBITaxon:13894))		FoodOn	2020-09-10T05:53:54Z	http://orcid.org/0000-0002-8844-9165	coconut								IAO:0000122										
FOODON:00003399	drupe fruit	arabica coffee bean (whole)	A drupe fruit of the arabica coffee plant (Coffea arabica).	(PO:0030103 and ('derives from' some NCBITaxon:13443))		FoodOn	2020-09-07T16:25:15Z	http://orcid.org/0000-0002-8844-9165	arabica coffee bean|arabica bean								IAO:0000122										
FOODON:00003403	seed	common bean seed	A seed of a common bean plant (Phaseolus vulgaris).	(PO:0009010 and ('derives from' some NCBITaxon:3885))		FoodOn	2020-09-08T18:42:03Z	http://orcid.org/0000-0002-8844-9165	common bean								IAO:0000122										
FOODON:00003404	legume fruit	common bean pod	A legume fruit of a common bean plant (Phaseolus vulgaris).	(PO:0030100 and ('derives from' some NCBITaxon:3885))		FoodOn	2020-09-08T18:42:15Z	http://orcid.org/0000-0002-8844-9165									IAO:0000122										
FOODON:00003414	seed	cowpea (whole)	A seed of a cowpea plant (Vigna unguiculata).	(PO:0009010 and ('derives from' some NCBITaxon:3917))		FoodOn	2020-09-09T14:09:09Z	http://orcid.org/0000-0002-8844-9165	cowpea								IAO:0000122										
FOODON:00003415	pepo fruit	cucumber (whole)	A pepo fruit of a cucumber plant (Cucumis sativus).	(PO:0030111 and ('derives from' some NCBITaxon:3659))		FoodOn	2020-09-09T14:18:28Z	http://orcid.org/0000-0002-8844-9165	cucumber								IAO:0000122										
FOODON:00003416	caryopsis fruit	durum wheat kernel	A caryopsis fruit of a durum wheat plant (Triticum turgidum subsp. durum).	(PO:0030104 and ('derives from' some NCBITaxon:4567))		FoodOn	2020-09-09T14:22:09Z	http://orcid.org/0000-0002-8844-9165	durum wheat								IAO:0000122										
FOODON:03301227	seed	broad bean (whole)	A seed of a broad bean plant (Vicia faba).	(PO:0009010 and ('derives from' some NCBITaxon:3906))		FoodOn		http://orcid.org/0000-0002-8844-9165	broad bean|broadbean|faba bean|fava bean|Windsor bean								IAO:0000122										
FOODON:00003417	berry fruit	grape (whole)	A berry fruit of a grape plant (Vitis vinifera).	(PO:0030108 and ('derives from' some NCBITaxon:29760))		FoodOn	2020-09-09T14:38:33Z	http://orcid.org/0000-0002-8844-9165	grape								IAO:0000122										
FOODON:00003206	seed	peanut (whole)	A seed of a peanut plant (Arachis hypogaea).	(PO:0009010 and ('derives from' some NCBITaxon:3818))		FoodOn		http://orcid.org/0000-0002-8844-9165	peanut								IAO:0000122										
FOODON:00003418	nut fruit	common hazelnut (whole)	A nut fruit of a common hazelnut tree (Corylus avellana)	(PO:0030102 and ('derives from' some NCBITaxon:13451))		FoodOn	2020-09-09T14:47:29Z	http://orcid.org/0000-0002-8844-9165	common hazelnut								IAO:0000122										
FOODON:00003421	seed	indian mustard seed (whole)	A seed of an indian mustard plant (Brassica juncea subsp. integrifolia).	(PO:0009010 and ('derives from' some NCBITaxon:1940530))		FoodOn	2020-09-09T15:16:24Z	http://orcid.org/0000-0002-8844-9165	indian mustard seed								IAO:0000122										
FOODON:00003422	stem	kohlrabi stem (whole)	A stem of a kohlrabi plant (Brassica oleracea var. gongylodes).	(PO:0009047 and ('derives from' some NCBITaxon:109379))		FoodOn	2020-09-09T15:32:09Z	http://orcid.org/0000-0002-8844-9165	kohlrabi stem								IAO:0000122										
FOODON:03310641	seed	lentil (whole)	A seed of a lentil plant (Lens culinaris).	(PO:0009010 and ('derives from' some NCBITaxon:3864))		FoodOn		http://orcid.org/0000-0002-8844-9165	lentil								IAO:0000122										
FOODON:00003003	seed	macadamia nut (whole)	A seed of a macadamia nut tree (Macadamia integrifolia).	(PO:0009010 and ('derives from' some NCBITaxon:60698))		FoodOn	2019-08-13T05:53:56Z	http://orcid.org/0000-0002-8844-9165	macadamia nut|bauple nut|bauple|boombera|bush nut|gyndl|Hawaii nut|jindilli|macadamia|maroochi nut|Queensland nut								IAO:0000122										
FOODON:00003427	caryopsis fruit	maize kernel (whole)	A caryopsis fruit of a maize plant  (Zea mays subsp. mays).	(PO:0030104 and ('derives from' some NCBITaxon:381124))		FoodOn	2020-09-09T22:30:15Z	http://orcid.org/0000-0002-8844-9165	maize kernel|corn kernel								IAO:0000122										
FOODON:00003428	ear infructescence	maize cob (whole)	An ear infructescence of a maize plant (Zea mays subsp. mays).	(PO:0025597 and ('derives from' some NCBITaxon:381124))		FoodOn	2020-09-09T22:30:40Z	http://orcid.org/0000-0002-8844-9165	maize cob|corn cob								IAO:0000122										
FOODON:03301275	seed	mung bean (whole)	A seed of a mung bean plant (Vigna radiata var. radiata).	(PO:0009010 and ('derives from' some NCBITaxon:3916))		FoodOn		http://orcid.org/0000-0002-8844-9165	mung bean								IAO:0000122										
FOODON:00003429	caryopsis fruit	whole oats	A caryopsis fruit of an oat plant (Avena sativa).	(PO:0030104 and ('derives from' some NCBITaxon:4498))		FoodOn	2020-09-09T22:33:32Z	http://orcid.org/0000-0002-8844-9165	oats								IAO:0000122										
FOODON:03315106	hesperidium fruit	orange (whole)	A hesperidium fruit of an orange tree (Citrus sinensis).	(PO:0030109 and ('derives from' some NCBITaxon:2711))		https://en.wikipedia.org/wiki/Orange_(fruit)		http://orcid.org/0000-0002-8844-9165	orange								IAO:0000122										
FOODON:00003430	caryopsis fruit	perl millet kernel	A caryopsis fruit of a perl millet plant (Cenchrus americanus).	(PO:0030104 and ('derives from' some NCBITaxon:4543))		FoodOn	2020-09-10T02:58:48Z	http://orcid.org/0000-0002-8844-9165	perl millet								IAO:0000122										
FOODON:00002781	seed	pigeon pea (whole)	A seed of a pigeon pea plant (Cajanus cajan).	(PO:0009010 and ('derives from' some NCBITaxon:3821))		https://en.wikipedia.org/wiki/Pigeon_pea	2019-07-09T22:29:49Z	http://orcid.org/0000-0002-8844-9165	pigeon pea								IAO:0000122										
FOODON:03315354	shoot axis tuber	potato (whole)	A shoot axis tuber of a potato plant (Solanum tuberosum).	(PO:0004543 and ('derives from' some NCBITaxon:4113))		FoodOn		http://orcid.org/0000-0002-8844-9165	potato								IAO:0000122										
FOODON:00003431	root	radish (whole)	A root of a radish plant (Raphanus sativus).	(PO:0009005 and ('derives from' some NCBITaxon:3726))		FoodOn	2020-09-10T03:13:06Z	http://orcid.org/0000-0002-8844-9165	radish								IAO:0000122										
FOODON:00003433	fruit	raspberry (whole)	A fruit of a raspberry plant (Rubus idaeus).	(PO:0009001 and ('derives from' some NCBITaxon:32247))		FoodOn	2020-09-10T03:24:33Z	http://orcid.org/0000-0002-8844-9165	raspberry								IAO:0000122										
FOODON:00003432	petiole	rhubarb stalk (whole)	A petiole of a rhubarb plant (Rheum rhabarbarum).	(PO:0020038 and ('derives from' some NCBITaxon:3621))		FoodOn	2020-09-10T03:17:01Z	http://orcid.org/0000-0002-8844-9165	rhubart stalk								IAO:0000122										
FOODON:00003434	caryopsis fruit	whole grain rice	 A caryopsis fruit of a rice plant (Oryza sativa).	(PO:0030104 and ('derives from' some NCBITaxon:4530))		FoodOn	2020-09-10T03:37:39Z	http://orcid.org/0000-0002-8844-9165									IAO:0000122										
FOODON:00003440	hypocotyl	rutabaga (whole)	A hypocotyl of a rutabaga plant (Brassica napus subsp. rapifera).	(PO:0020100 and ('derives from' some NCBITaxon:3709))		FoodOn	2020-09-10T04:30:20Z	http://orcid.org/0000-0002-8844-9165	rutabaga								IAO:0000122										
FOODON:00003441	anther	saffron thread	An anther of a saffron plant (Crocus sativus).	(PO:0009066 and ('derives from' some NCBITaxon:82528))		https://en.wikipedia.org/wiki/Saffron	2020-09-10T04:36:16Z	http://orcid.org/0000-0002-8844-9165	saffron								IAO:0000122										
FOODON:00003442	leaf	siberian kale leaf (whole)	A leaf of a siberian kale plant (Brassica napus var. pabularia).	(PO:0025034 and ('derives from' some NCBITaxon:2070381))		FoodOn	2020-09-10T04:47:48Z	http://orcid.org/0000-0002-8844-9165	siberian kale leaf								IAO:0000122										
FOODON:03309978	caryopsis fruit	sorghum kernel	A caryopsis fruit of a sorghum plant (Sorghum bicolor).	(PO:0030104 and ('derives from' some NCBITaxon:4558))		FoodOn		http://orcid.org/0000-0002-8844-9165	sorghum								IAO:0000122										
FOODON:03301415	seed	soybean (whole)	A seed of a soyabean plant (Glycine max).	(PO:0009010 and ('derives from' some NCBITaxon:3847))		FoodOn		http://orcid.org/0000-0002-8844-9165	soy bean|soya bean|soybean								IAO:0000122										
FOODON:00003443	achene fruit	strawberry (whole)	An achene fruit of strawberry plant  (Fragaria × ananassa).	(PO:0030107 and ('derives from' some NCBITaxon:3747))		FoodOn	2020-09-10T04:57:07Z	http://orcid.org/0000-0002-8844-9165	strawberry								IAO:0000122										
FOODON:00003412	primary root	sugar beet (whole)	A primary root of a sugar beet plant (Beta vulgaris subsp. vulgaris).	(PO:0020127 and ('derives from' some NCBITaxon:3555))		FoodOn	2020-09-09T07:45:46Z	http://orcid.org/0000-0002-8844-9165	sugar beet								IAO:0000122										
FOODON:00003444	stem	sugar cane stem	A stem of a sugar cane plant (Saccharum officinarum).	(PO:0009047 and ('derives from' some NCBITaxon:4547))		FoodOn	2020-09-10T05:06:55Z	http://orcid.org/0000-0002-8844-9165	sugar cane								IAO:0000122										
FOODON:00003445	tuberous root tuber	sweet potato (whole)	A tuberous root tuber of a sweet potato plant (Ipomoea batatas).	(PO:0025476 and ('derives from' some NCBITaxon:4120))		FoodOn	2020-09-10T05:12:34Z	http://orcid.org/0000-0002-8844-9165	sweet potato								IAO:0000122										
FOODON:03301453	berry fruit	tomato (whole)	A berry fruit of a tomato plant (Solanum lycopersicum L.).	(PO:0030108 and ('derives from' some NCBITaxon:4081))		FoodOn		http://orcid.org/0000-0002-8844-9165	tomato								IAO:0000122										
FOODON:00003447	hypocotyl	turnip (whole)	A hypocotyl of a turnip plant (Brassica rapa subsp. rapa).	(PO:0020100 and ('derives from' some NCBITaxon:51350))		FoodOn	2020-09-10T05:38:38Z	http://orcid.org/0000-0002-8844-9165	turnip								IAO:0000122										
FOODON:00003448	shoot axis tuber	yam (whole)	A shoot axis tuber of a yam plant (Dioscorea).	(PO:0004543 and ('derives from' some NCBITaxon:4672))		FoodOn	2020-09-10T05:45:46Z	http://orcid.org/0000-0002-8844-9165	yam								IAO:0000122										
FOODON:00003528	mushroom substance	mushroom (fruitbody)	A fruitbody of a mushroom.	(fruitbody and 'derives from' some 'mushroom (whole organism)')		FoodOn	2020-10-14T12:37:01 AMZ 	https://orcid.org/0000-0001-5275-8866	mushroom | toadstool																		
FOODON:00003465	fruitbody	cultivated mushroom (whole)	A fruitbody of a cultivated mushroom fungus (Agaricus bisporus).	(fruitbody and 'derives from' some 'Agaricus bisporus')		https://en.wikipedia.org/wiki/Agaricus_bisporus	2020-10-13T05:45:46Z	http://orcid.org/0000-0002-8844-9165									IAO:0000122										
FOODON:00003462	cultivated mushroom (whole)	white mushroom (whole)	A white-colored immature fruitbody of a cultivated mushroom fungus (Agaricus bisporus).	(fruitbody and 'has quality' some 'white' and 'derives from' some ('Agaricus bisporus' and 'sexually immature organism'))		https://en.wikipedia.org/wiki/Agaricus_bisporus	2020-10-13T05:45:46Z	http://orcid.org/0000-0002-8844-9165	common mushroom | button mushroom | white mushroom | white button mushroom | cultivated mushroom | table mushroom | champignon mushroom 								IAO:0000122										
FOODON:00003463	cultivated mushroom (whole)	brown mushroom (whole)	A brown-colored immature fruitbody of a cultivated mushroom fungus (Agaricus bisporus).	(fruitbody and 'has quality' some 'brown' and 'derives from' some ('Agaricus bisporus' and 'sexually immature organism'))		https://en.wikipedia.org/wiki/Agaricus_bisporus	2020-10-13T05:45:46Z	http://orcid.org/0000-0002-8844-9165	Swiss brown mushroom | Roman brown mushroom | Italian brown | Italian mushroom | cremini | crimini | crimini mushroom | brown cap mushroom | chestnut mushroom								IAO:0000122										
FOODON:00003464	cultivated mushroom (whole)	portobello mushroom (whole)	A mature fruitbody of a cultivated mushroom fungus (Agaricus bisporus).	(fruitbody and 'derives from' some ('Agaricus bisporus' and 'adult organism'))		https://en.wikipedia.org/wiki/Agaricus_bisporus	2020-10-13T05:45:46Z	http://orcid.org/0000-0002-8844-9165	portabella mushroom | portobella mushroom | portabella | portobello								IAO:0000122										
FOODON:03412032	fruitbody	morel mushroom	A fruitbody of a Morchella esculenta fungus.	(fruitbody and 'derives from' some 'Morchella esculenta')		https://en.wikipedia.org/wiki/Morchella_esculenta	2020-10-27T5:51:29 PMZ	https://orcid.org/0000-0001-5275-8866	morchella esculenta | common morel |morel | yellow morel | true morel | morel mushroom | sponge morel																		
FOODON:03414547	mushroom (fruitbody)	bearded tooth mushroom	A fruitbody of a Hericium erinaceus fungus.	(fruitbody and 'derives from' some 'Hericium erinaceus')		https://en.wikipedia.org/wiki/Hericium_erinaceus			hericium erinaceus | lion's mane | pom-pom 																		
FOODON:03412522	mushroom (fruitbody)	wood blewit	A fruitbody of a	(fruitbody and 'derives from' some 'Clitocybe nuda')		https://en.wikipedia.org/wiki/Clitocybe_nuda			lepista nuda | tricholoma nudum																		
FOODON:03412073	mushroom (fruitbody)	blusher mushroom	A fruitbody of Amanita rubescens.	(fruitbody and 'derives from' some 'Amanita rubescens' )		https://en.wikipedia.org/wiki/Blusher			amanita rubescens 																		
FOODON:03414538	mushroom (fruitbody)	pine bolete	A fruitbody of a Boletus pinophilus fungus.	(fruitbody and 'derives from' some 'Boletus pinophilus')		https://en.wikipedia.org/wiki/Boletus_pinophilus			boletus pinophilus | pinewood king bolete | pine cep 																		
FOODON:03412737	mushroom (fruitbody)	red boletus	A fruitbody of a Leccinum aurantiacum fungus.	(fruitbody and 'derives from' some 'Leccinum aurantiacum')		https://en.wikipedia.org/wiki/Leccinum_aurantiacum			leccinum aurantiacum | red-capped scaber stalk | boletus rufus 																		
FOODON:03412738	mushroom (fruitbody)	rough stemmed boletus	A fruitbody of a Leccinum scabrum fungus.	(fruitbody and 'derives from' some 'Leccinum scabrum')		https://en.wikipedia.org/wiki/Leccinum_scabrum			leccinum scabrum  | birch boletus |scaber stalk																		
FOODON:03412260	mushroom (fruitbody)	slippery jack mushroom	A fruitbody of a Suillus luteus fungus.	(fruitbody and 'derives from' some 'Suillus luteus')		https://en.wikipedia.org/wiki/Suillus_luteus			 suillus luteus  | ringed boletus | sticky bun mushroom 																		
FOODON:03412033	mushroom (fruitbody)	porcini mushroom	A fruitbody of a Boletus edulis fungus.	(fruitbody and 'derives from' some 'Boletus edulis')		https://en.wikipedia.org/wiki/Boletus_edulis			boletus edulis | steinpilz | cep | penny bun | porcino | porcini | king boletus | yellow boletus																		
FOODON:03414539	mushroom (fruitbody)	summer bolete	A fruitbody of a boletus reticulatus fungus.	(fruitbody and 'derives from' some 'Boletus reticulatus')		https://en.wikipedia.org/wiki/Boletus_reticulatus			boletus reticulatus | summer cep 																		
FOODON:03414537	mushroom (fruitbody)	caesar's mushroom 	A fruitbody of an Amanita caesarea fungus.	(fruitbody and 'derives from' some 'Amanita caesarea')		https://en.wikipedia.org/wiki/Amanita_caesarea			amanita caesarea | caesar's amanita 																		
FOODON:03414184	mushroom (fruitbody)	cauliflower fungus	A fruitbody of a Sparassis crispa fungus.	(fruitbody and 'derives from' some 'Sparassis crispa')		https://en.wikipedia.org/wiki/Sparassis_crispa			sparassis crispa | hanabiratake																		
FOODON:00003529	mushroom (fruitbody)	chanterelle mushroom	A fruitbody of a genus of popular edible mushrooms, commonly known as chanterelles, a name which can also refer to the type species, Cantharellus cibarius.	(fruitbody and 'derives from' some Cantharellus)		https://en.wikipedia.org/wiki/Cantharellus			chanterelles																		
FOODON:03411569	chanterelle mushroom	golden chanterelle	A fruitbody of a Cantharellus cibarius fungus.	(fruitbody and 'derives from' some 'Cantharellus cibarius')		https://en.wikipedia.org/wiki/Cantharellus_cibarius			cantharellus lutescens | autumn chanterelle | chanterelle jaune | craterellus lutescens | yellow foot | girolle																		
FOODON:03414543	chanterelle mushroom	trumpet chanterelle	A fruitbody of a Craterellus tubaeformis fungus.	(fruitbody and 'derives from' some 'Craterellus tubaeformis')		https://en.wikipedia.org/wiki/Craterellus_tubaeformis			cantharellus tubaeformis | craterellus tubaeformis | yellowfoot | winter mushroom |  funnel chanterelle																		
FOODON:03414540	chanterelle mushroom	pale chanterelle	A fruitbody of a Cantharellus pallens fungus.	(fruitbody and 'derives from' some 'Cantharellus pallens')		https://en.wikipedia.org/wiki/Cantharellus_pallens			cantharellus pallens 																		
FOODON:03414178	mushroom (fruitbody)	collared stinkhorn	A fruitbody of a Phallus duplicatus fungus.	(fruitbody and 'derives from' some 'Phallus duplicatus')		https://en.wikipedia.org/wiki/Phallus_duplicatus			phallus duplicatus 																		
FOODON:03414182	mushroom (fruitbody)	coral tooth mushroom	A fruitbody of a Hericium coralloides fungus.	(fruitbody and 'derives from' some 'Hericium coralloides')		https://en.wikipedia.org/wiki/Hericium_coralloides			coral hydnum | hericium | coralloides | coral tooth fungus																		
http://purl.obolibrary.org/obo/FOODON_03412507	mushroom (fruitbody)	enoki mushroom	A fruitbody of a Flammulina velutipes fungus.	(fruitbody and 'derives from' some 'Flammulina velutipes')		https://en.wikipedia.org/wiki/Enokitake			enoki | enoki-take | flammulina velutipes | golden needle mushroom | velvet foot | velvet shank | velvet stem | winter mushroom | futu mushroom | futu | lily mushroom																		
FOODON:03412023	mushroom (fruitbody)	field mushroom 	A fruitbody of a Agaricus campestris fungus.	(fruitbody and 'derives from' some 'Agaricus campestris')		https://en.wikipedia.org/wiki/Agaricus_campestris			agaricus campestris | meadow mushroom 																		
http://purl.obolibrary.org/obo/FOODON_03414536	mushroom (fruitbody)	forest lamb	A fruitbody of an Albatrellus ovinus fungus.	(fruitbody and 'derives from' some 'Albatrellus ovinus')		https://en.wikipedia.org/wiki/Albatrellus_ovinus			albatrellus ovinus | sheep polypore																		
http://purl.obolibrary.org/obo/FOODON_03414180	mushroom (fruitbody)	green oyster	A fruitbody of a Sarcomyxa serotina fungus.	(fruitbody and 'derives from' some 'Sarcomyxa serotina')		https://en.wikipedia.org/wiki/Panellus_serotinus			 panellus serotinus | late fall oyster | mukitake																		
http://purl.obolibrary.org/obo/FOODON_03414253	mushroom (fruitbody)	gypsy mushroom	A fruitbody of a Cortinarius caperatus fungus.	(fruitbody and 'derives from' some 'Cortinarius caperatus')		https://en.wikipedia.org/wiki/Cortinarius_caperatus			cortinarius caperatus 																		
FOODON:03414541	mushroom (fruitbody)	horn of plenty	A fruitbody of a Craterellus cornucopioides fungus.	(fruitbody and 'derives from' some 'Craterellus cornucopioides')		https://en.wikipedia.org/wiki/Craterellus_cornucopioides			craterellus cornucopioides | black chanterelle | black trumpet | cantharellus cornucopioides 																		
http://purl.obolibrary.org/obo/FOODON_03414535	mushroom (fruitbody)	horse mushroom	A fruitbody of a Agaricus arvensis fungus.	(fruitbody and 'derives from' some 'Agaricus arvensis')		https://en.wikipedia.org/wiki/Agaricus_arvensis			agaricus arvensis 																		
http://purl.obolibrary.org/obo/FOODON_03412022	mushroom (fruitbody)	inky cap mushroom	A fruitbody of a Coprinopsis atramentaria fungus.	(fruitbody and 'derives from' some 'Coprinopsis atramentaria')		https://en.wikipedia.org/wiki/Coprinopsis_atramentaria			coprinopsis atramentaria | coprinus atramentarius | common inkcap  | Inky cap																		
http://purl.obolibrary.org/obo/FOODON_03412076	mushroom (fruitbody)	magic mushroom	A fruitbody of a Psilocybe semilanceata fungus.	(fruitbody and 'derives from' some 'Psilocybe semilanceata')		https://en.wikipedia.org/wiki/Psilocybe_semilanceata			psilocybe semilanceata | liberty cap																		
http://purl.obolibrary.org/obo/FOODON_03413726	mushroom (fruitbody)	maitake mushroom	A fruitbody of a Grifola frondosa fungus.	(fruitbody and 'derives from' some 'Grifola frondosa')		https://en.wikipedia.org/wiki/Grifola_frondosa			grifola frondosa | hen-of-the-woods | ram's head | sheep's head 																		
http://purl.obolibrary.org/obo/FOODON_03412074	mushroom (fruitbody)	milk mushroom	A fruitbody of a Lactarius fungus.	(fruitbody and 'derives from' some 'Lactarius <basidiomycetes>')					lactarius spp.																		
http://purl.obolibrary.org/obo/FOODON_03412075	milk mushroom	fenugreek milkcap	A fruitbody of a Lactarius helvus fungus.	(fruitbody and 'derives from' some 'Lactarius helvus')		https://en.wikipedia.org/wiki/Lactarius_helvus			lactarius helvus | lactarius aquifluus																		
http://purl.obolibrary.org/obo/FOODON_03412740	milk mushroom	saffron milkcap	A fruitbody of a Lactarius deliciosus fungus.	(fruitbody and 'derives from' some 'Lactarius deliciosus')		https://en.wikipedia.org/wiki/Lactarius_deliciosus			lactarius deliciosus | orange agaric | red pine mushroom																		
http://purl.obolibrary.org/obo/FOODON_03414173	mushroom (fruitbody)	nameko mushroom	A fruitbody of a Pholiota microspora fungus.	(fruitbody and 'derives from' some 'Pholiota microspora')		https://en.wikipedia.org/wiki/Pholiota_microspora			pholiota nameko  | nameko 																		
http://purl.obolibrary.org/obo/FOODON_03411632	mushroom (fruitbody)	oyster mushroom (genus)	A fruitbody of Pleurotus genus fungus.	(fruitbody and 'derives from' some 'Pleurotus')		https://en.wikipedia.org/wiki/Pleurotus			pleurotus spp. 																		
http://purl.obolibrary.org/obo/FOODON_03411645	oyster mushroom (genus)	abalone mushroom 	A fruitbody of a Pleurotus cystidiosus fungus.	(fruitbody and 'derives from' some 'Pleurotus cystidiosus')					white elf 																		
http://purl.obolibrary.org/obo/FOODON_03414552	oyster mushroom (genus)	golden oyster mushroom	A fruitbody of a Pleurotus citrinopileatus fungus.	(fruitbody and 'derives from' some 'Pleurotus citrinopileatus')		https://en.wikipedia.org/wiki/Pleurotus_citrinopileatus			pleurotus citrinopileatus 																		
http://purl.obolibrary.org/obo/FOODON_03414177	oyster mushroom (genus)	Lentinus sajor-caju (fruitbody)	A fruitbody of a Pleurotus sajor-caju fungus.	(fruitbody and 'derives from' some 'Lentinus sajor-caju')		https://en.wikipedia.org/wiki/Lentinus_sajor-caju			pleurotus sajor-caju																		
http://purl.obolibrary.org/obo/FOODON_03413743	oyster mushroom (genus)	king oyster mushroom	A fruitbody of a Pleurotus eryngii  fungus.	(fruitbody and 'derives from' some 'Pleurotus eryngii')		https://en.wikipedia.org/wiki/Pleurotus_eryngii			king trumpet mushroom | French horn mushroom | king brown mushroom | boletus of the steppes | trumpet royale | pleurotus eryngii																		
http://purl.obolibrary.org/obo/FOODON_03413796	oyster mushroom (genus)	pearl oyster mushroom	A fruitbody of a Pleurotus ostreatus fungus.	(fruitbody and 'derives from' some 'Pleurotus ostreatus')		https://en.wikipedia.org/wiki/Pleurotus_ostreatus			 oyster mushroom | oyster fungus																		
http://purl.obolibrary.org/obo/FOODON_03414553	oyster mushroom (genus)	pink oyster mushroom	A fruitbody of a Pleurotus djamor fungus.	(fruitbody and 'derives from' some 'Pleurotus djamor')		https://en.wikipedia.org/wiki/Pleurotus_djamor			pleurotus djamor																		
http://purl.obolibrary.org/obo/FOODON_03414172	oyster mushroom (genus)	white oyster mushroom	A fruitbody of a Pleurotus floridanus   fungus.	(fruitbody and 'derives from' some 'Pleurotus floridanus')		https://www.langual.org/langual_thesaurus.asp?termid=B4172&haschildren=False&owner=B1632&openstr=B4553_B1632_B1467_B2035_B1261_B1215_B1564_00000			pleurotus floridanus 																		
http://purl.obolibrary.org/obo/FOODON_03414550	mushroom (fruitbody)	parasol mushroom	A fruitbody of a Macrolepiota procera  fungus.	(fruitbody and 'derives from' some 'Macrolepiota procera')		https://en.wikipedia.org/wiki/Macrolepiota_procera			macrolepiota procera 																		
http://purl.obolibrary.org/obo/FOODON_03412361	mushroom (fruitbody)	reishi mushroom	A fruitbody of a Ganoderma lingzhi fungus.	(fruitbody and 'derives from' some 'Ganoderma lingzhi')		https://en.wikipedia.org/wiki/Lingzhi_(mushroom)			ganoderma lucidum | lacquered bracket | lingzhi mushroom 																		
http://purl.obolibrary.org/obo/FOODON_03414179	mushroom (fruitbody)	rooting shank	A fruitbody of a Hymenopellis radicata  fungus.	(fruitbody and 'derives from' some 'Hymenopellis radicata')		https://en.wikipedia.org/wiki/Xerula_radicata			xerula radicata | deep root mushroom | tsuetake																		
http://purl.obolibrary.org/obo/FOODON_03414944	mushroom (fruitbody)	scotch bonnet 	A fruitbody of a Marasmius oreades fungus.	(fruitbody and 'derives from' some 'Marasmius oreades')		https://en.wikipedia.org/wiki/Marasmius_oreades			marasmius oreades | fairy ring champignon																		
http://purl.obolibrary.org/obo/FOODON_03414181	mushroom (fruitbody)	shaggy inc cap	A fruitbody of a Coprinus comatus fungus.	(fruitbody and 'derives from' some 'Coprinus comatus')		https://en.wikipedia.org/wiki/Coprinus_comatus			coprinus comatus | shaggy ink cap | lawyer's wig | shaggy mane  | sasakurehitoyotake 																		
http://purl.obolibrary.org/obo/FOODON_03411635	mushroom (fruitbody)	shiitake mushroom	A fruitbody of a Lentinula edodes fungus.	(fruitbody and 'derives from' some 'Lentinula edodes')		https://en.wikipedia.org/wiki/Shiitake			lentinula edodes |  lentinus edodes | shii-take | black forest mushroom | black mushroom |forest mushroom																		
http://purl.obolibrary.org/obo/FOODON_03414176	mushroom (fruitbody)	shimeji mushroom	A group of edible mushrooms native to East Asia, but also found in northern Europe. The term shimeji is a general term of mushrooms of small to medium size.			https://en.wikipedia.org/wiki/Shimeji			bunapi-shimeji | bunashimeji | buna-shimeji | daikokushimeji | honshimeji | hon-shimeji | hypsizygus marmoreus | hypsizygus tesselatus | lyophyllaceae | lyophyllus shimeji | senbonshimeji 																		
http://purl.obolibrary.org/obo/FOODON_03413744	shimeji mushroom	brown beech mushroom	A fruitbody of a Hypsizygus tessellatus fungus.	(fruitbody and 'derives from' some 'Hypsizygus tessellatus')		https://en.wikipedia.org/wiki/Hypsizygus_tessellatus			beech mushroom | brown beech | brown clamshell mushrooms | brown shimeji | bunashimeji | buna-shimeji | hypsizygus tessulatus 																		
http://purl.obolibrary.org/obo/FOODON_03414185	shimeji mushroom	elm oyster	A fruitbody of a Hypsizygus ulmarius  fungus.	(fruitbody and 'derives from' some 'Hypsizygus ulmarius')		https://en.wikipedia.org/wiki/Hypsizygus			hypsizygus ulmarius | elm leech | shirotamogidake 																		
http://purl.obolibrary.org/obo/FOODON_03414534	shimeji mushroom	hon-shimeji	A fruitbody of a Lyophyllum shimeji fungus.	(fruitbody and 'derives from' some 'Lyophyllum shimeji')		https://en.wikipedia.org/wiki/Shimeji			 lyophyllum shimeji | honshimeji																		
http://purl.obolibrary.org/obo/FOODON_03414533	shimeji mushroom	white beech mushroom 	A white variety of a Hypsizygus tessellatus fungus.	(fruitbody and 'has quality' some 'white' and  'derives from' some 'Hypsizygus tessellatus')		https://www.uniprot.org/proteomes/UP000076154			hypsizygus tessulatus | bunapishimeji | bunapi-shimeji | white beech | white clamshell mushroom | white shimeji 																		
http://purl.obolibrary.org/obo/FOODON_03414170	mushroom (fruitbody)	snow fungus	A fruitbody of a Tremella fuciformis fungus.	(fruitbody and 'derives from' some 'Tremella fuciformis')		https://en.wikipedia.org/wiki/Tremella_fuciformis			tremella fuciformis | snow ear | silver ear fungus | silver ear | white jelly | white jelly mushroom																		
http://purl.obolibrary.org/obo/FOODON_03414171	mushroom (fruitbody)	south polar fungus	A fruitbody of a agrocybe cylindracea fungus.	(fruitbody and 'derives from' some 'agrocybe cylindracea')		https://en.wikipedia.org/wiki/Cyclocybe_aegerita			agrocybe cylindracea 																		
http://purl.obolibrary.org/obo/FOODON_03414555	mushroom (fruitbody)	spicy knight mushroom	A fruitbody of a Tricholoma matsutake fungus.	(fruitbody and 'derives from' some 'Tricholoma matsutake')		https://en.wikipedia.org/wiki/Matsutake			tricholoma matsutake |tricholoma nauseosum | matsutake | matsu-take | pine mushroom 																		
http://purl.obolibrary.org/obo/FOODON_03414175	mushroom (fruitbody)	spring mushroom	A fruitbody of a Agaricus bitorquis  fungus.	"(fruitbody and 'derives from' some '	Agaricus bitorquis')"		https://en.wikipedia.org/wiki/Agaricus_bitorquis			agaricus bitorquis | pavement mushroom 																		
http://purl.obolibrary.org/obo/FOODON_03414187	mushroom (fruitbody)	st. george's mushroom	A fruitbody of a Calocybe gambosa fungus.	(fruitbody and 'derives from' some 'Calocybe gambosa')		https://en.wikipedia.org/wiki/Calocybe_gambosa			calocybe gambosa | kishimejizoku 																		
http://purl.obolibrary.org/obo/FOODON_03411637	mushroom (fruitbody)	straw mushroom	A fruitbody of a Volvariella volvacea fungus.	(fruitbody and 'derives from' some 'Volvariella volvacea')		https://en.wikipedia.org/wiki/Volvariella_volvacea			volvariella volvacea | paddy straw mushroom | volvaria volvacea																		
http://purl.obolibrary.org/obo/FOODON_03414549	mushroom (fruitbody)	terracotta hedgehog	A fruitbody of a Hydnum rufescens fungus.	(fruitbody and 'derives from' some 'Hydnum rufescens')		https://en.wikipedia.org/wiki/Hydnum_rufescens			hydnum rufescens																		
http://purl.obolibrary.org/obo/FOODON_03414186	mushroom (fruitbody)	tiger saw-gill	A fruitbody of a entinus tigrinus  fungus.	(fruitbody and 'derives from' some 'Lentinus tigrinus')		https://www.langual.org/langual_thesaurus.asp?termid=B4186&haschildren=False&owner=B1467&openstr=B4553_B1632_B1467_B2035_B1261_B1215_B1564_00000_B4176			lentinus tigrinus | kegawatake																		
http://purl.obolibrary.org/obo/FOODON_03412117	mushroom (fruitbody)	white lepiota	A fruitbody of a Leucoagaricus leucothites fungus.	"(fruitbody and 'derives from' some '	Leucoagaricus leucothites')"		https://en.wikipedia.org/wiki/Leucoagaricus_leucothites			leucoagaricus leucothites | lepiota naucina | leucoagaricus naucinus | smooth lepiota | white dapperling | white agaricus mushroom																		
http://purl.obolibrary.org/obo/FOODON_03414548	mushroom (fruitbody)	wood hedgehog	A fruitbody of a Hydnum repandum fungus.	(fruitbody and 'derives from' some 'Hydnum repandum')		https://en.wikipedia.org/wiki/Hydnum_repandum			hydnum repandum | sweet tooth | hedgehog mushroom | hedgehog | pied de mouton 																		
http://purl.obolibrary.org/obo/FOODON_03414183	mushroom (fruitbody)	yellow brain fungus	A fruitbody of a Tremella mesenterica  fungus.	(fruitbody and 'derives from' some 'Tremella mesenterica ')		https://en.wikipedia.org/wiki/Tremella_mesenterica			 tremella mesenterica | koganenikawatake | yellow brain | golden jelly fungus| yellow trembler																		
																											
																											
FOODON:00003498	rosette leaf	mustard leaf (whole)	A rosette leaf of a mustard plant (Brassica juncea)	(rosette leaf' and 'derives from' some 'Brassica juncea')		FoodOn	2020-11-11T11:02:45 AMZ	https://orcid.org/0000-0001-5275-8866	mustard leaf																		
FOODON:00003505	mustard food product	mustard greens bundle	A bundle of raw mustard leaves.	(object aggregate' and 'has member' some 'mustard leaf (whole)' and 'has member' only 'mustard leaf (whole)' and 'has quality' some 'food (raw)')		FoodOn	2020-11-11T11:02:45 AMZ	https://orcid.org/0000-0001-5275-8866	mustard greens bunch																		
FOODON:00003496	rosette	spinach head 	A rosette of a spinach plant (Spinacia oleracea)	(rosette' and 'derives from' some 'Spinacia oleracea')		FoodOn	2020-10-13T06:21:32 AMZ	https://orcid.org/0000-0001-5275-8866	spinach																		
FOODON:00003495	rosette leaf	spinach leaf (whole)	A rosette leaf of a spinach plant (Spinacia oleracea)	(rosette leaf' and 'derives from' some 'Spinacia oleracea')		FoodOn			spinach leaf																		
FOODON:00003497	spinach food product	spinach bundle	A bundle of raw spinach heads.	(object aggregate' and 'has member' some 'spinach head' and 'has member' only 'spinach head' and 'has quality' some 'food (raw)')		FoodOn			spinach bunch																		
FOODON:00003500	rosette leaf	collard leaf (whole)	A rosette leaf of a collard plant (Brassica oleracea var. viridis)	(rosette leaf' and 'derives from' some 'Brassica oleracea var. viridis')		FoodOn	2020-11-11T11:02:45 AMZ	https://orcid.org/0000-0001-5275-8866	collard leaf																		
FOODON:00003503	collard food product	collard greens bundle	A bundle of raw collard heads.	(object aggregate' and 'has member' some 'collard head' and 'has member' only 'collard head'  and 'has quality' some 'food (raw)')		FoodOn	2020-11-11T11:02:45 AMZ	https://orcid.org/0000-0001-5275-8866	collard greens bunch 																		
FOODON:00003504	rosette	collard head	A rosette of a collard plant (Brassica oleracea var. viridis)	(rosette and 'derives from' some 'Brassica oleracea var. viridis')		FoodOn	2020-11-11T11:02:45 AMZ	https://orcid.org/0000-0001-5275-8866	collard																		
FOODON:00003501	rosette leaf	kale leaf (whole) 	A rosette leaf of a kale plant (Brassica oleracea var. sabellica)	(rosette leaf' and 'derives from' some 'Brassica oleracea var. sabellica')		FoodOn	2020-11-11T11:02:45 AMZ	https://orcid.org/0000-0001-5275-8866	kale, leaf cabbage																		
FOODON:00003506	kale food product	kale greens bundle	A bundle of raw kale leaves.	(object aggregate' and 'has member' some 'kale leaf (whole)' and 'has member' only 'kale leaf (whole)'  and 'has quality' some 'food (raw)')		FoodOn	2020-11-11T11:02:45 AMZ	https://orcid.org/0000-0001-5275-8866	kale greens bunch 																		
FOODON:00003507	rosette	lettuce head	A rosette of a lettuce plant (Lactuca sativa).	(rosette and derives from some 'Lactuca sativa')		FoodOn			lettuce | head lettuce																		
FOODON:00002687	rosette	romaine lettuce head	A rosette of a romaine lettuce plant (Lactuca sativa var. longifolia).	(rosette and derives from some 'Lactuca sativa var. longifolia')		FoodOn			cos lettuce																		
FOODON:00003513	plant leaf vegetable food product	living lettuce	A whole lettuce plant with cleaned root system			FoodOn																					
FOODON:00003423	rosette leaf	lettuce leaf (whole)	A rosette leaf of a lettuce plant (Lactuca sativa).	(rosette leaf' and 'derives from' some 'Lactuca sativa')		FoodOn	2020-09-09T15:53:41Z	http://orcid.org/0000-0002-8844-9165	lettuce								IAO:0000122										
FOODON:00003406	rosette	cabbage head	A rosette of a cabbage plant (Brassica oleracea var. capitata).	(rosette'  and 'derives from' some 'Brassica oleracea var. capitata')		FoodOn	2020-09-09T07:20:47Z	http://orcid.org/0000-0002-8844-9165	cabbage								IAO:0000122										
FOODON:00003514	rosette leaf	cabbage leaf (whole)	A rosette leaf of a cabbage plant (Brassica oleracea var. capitata)	(rosette leaf' and derives from some 'Brassica oleracea var. capitata')		FoodOn	2020-11-11T11:02:45 AMZ	https://orcid.org/0000-0001-5275-8866	cabbage leaf																		
http://purl.obolibrary.org/obo/FOODON_00003524	rosette leaf	land cress leaf (whole)	A rosette leaf of a land cress plant (Barbarea verna)	(rosette leaf' and 'derives from' some 'Barbarea verna')		https://en.wikipedia.org/wiki/Barbarea_verna	2020-11-11T11:02:45 AMZ	https://orcid.org/0000-0001-5275-8866	creasy leaf | land cress |American cress | bank cress | black wood cress |Belle Isle cress|Bermuda cress |early yellowrocket| early wintercress| scurvy cress| creasy greens| and upland cress																		
http://purl.obolibrary.org/obo/FOODON_00003526	land cress food product	land cress bundle 	A bundle of land cress leaves.	(object aggregate' and 'has member' some 'creasy leaf (whole)' and 'has member' only 'creasy leaf (whole)' and 'has quality' some 'food (raw)')		https://en.wikipedia.org/wiki/Barbarea_verna	2020-11-11T11:02:45 AMZ	https://orcid.org/0000-0001-5275-8866	creasy greens bunch | land cress bunch																		
http://purl.obolibrary.org/obo/FOODON_00003530	chard food product	chard leaf (whole)	A rosette leaf of a chard plant (Beta vulgaris subsp. vulgaris).	(rosette leaf' and 'derives from' some 'Beta vulgaris subsp. vulgaris')		FoodOn	2020-11-11T11:02:45 AMZ	https://orcid.org/0000-0001-5275-8866	chard leaf | swiss chard leaf																		
http://purl.obolibrary.org/obo/FOODON_00003531	chard food product	chard bundle	A bundle of raw chard leaves.	(object aggregate' and 'has member' some 'chard leaf (whole)' and 'has member' only 'chard leaf (whole)' and 'has quality' some 'food (raw)')		FoodOn	2020-11-11T11:02:45 AMZ	 https://orcid.org/0000-0001-5275-8866	chard bunch | swiss chard bunch																		
FOODON:00003442	rosette leaf	siberian kale leaf (whole)	A 'rosette leaf' of a siberian kale plant (Brassica napus var. pabularia).	(rosette leaf' and 'derives from' some 'Brassica napus var. pabularia')		FoodOn	2020-09-10T04:47:48Z	http://orcid.org/0000-0002-8844-9165	siberian kale leaf								IAO:0000122										
http://purl.obolibrary.org/obo/FOODON_00003532	kale food product	siberian kale bundle	A bundle of raw siberian kale leaves.	(object aggregate' and 'has member' some 'siberian kale leaf (whole)' and 'has member' only 'siberian kale leaf (whole)'  and 'has quality' some 'food (raw)')		FoodOn	2020-11-11T11:02:45 AMZ	https://orcid.org/0000-0001-5275-8866	siberian kale bunch																		
http://purl.obolibrary.org/obo/FOODON_00003533	rosette leaf	turnip leaf (whole)	A rosette leaf of a turnip greens plant (Brassica rapa subsp. rapa).	(rosette' and derives from some 'Brassica rapa subsp. rapa')		FoodOn	2020-10-21T11:06:27 AMZ	https://orcid.org/0000-0001-5275-8866	turnip leaf																		
http://purl.obolibrary.org/obo/FOODON_03301852	turnip food product	turnip greens bundle	A bundle of raw turnip leaves.	(object aggregate' and 'has member' some 'turnip leaf (whole)' and 'has member' only 'turnip leaf (whole)' and 'has quality' some 'food (raw)')		FoodOn	2020-11-11T11:02:45 AMZ		turnip greens bunch																		
FOODON:00003459	fruit multiple	pineapple (whole)	A fruit multiple from a pineapple tree (Ananas comosus).	(fruit multiple' and 'derives from' some 'Ananas comosus')		FoodOn		http://orcid.org/0000-0002-8844-9165									IAO:0000122										
http://purl.obolibrary.org/obo/FOODON_00003457	fruit multiple	jackfruit (whole)	A fruit multiple of a jackfruit tree (Artocarpus heterophyllus).	(multiple fruit' and 'derives from' some 'Artocarpus heterophyllus')		FoodOn	2020-10-19T12:08:30 AMZ	https://orcid.org/0000-0001-5275-8866	jackfruit | jacktree																		
http://purl.obolibrary.org/obo/FOODON_00003266	fruit multiple	fig (whole)	A fruit multiple of a fig plant (Ficus carica).	(multiple fruit' and 'derives from' some 'Ficus carica')		FoodOn	2020-10-30T11:23:00 PMZ	https://orcid.org/0000-0001-5275-8866	fig | common fig																		
FOODON:00003476	drupe fruit	apricot (whole)	A drupe fruit of an apricot tree (Prunus armeniaca).	(drupe fruit' and 'derives from' some 'Prunus armeniaca')		FoodOn	2020-10-13T05:48:32 AMZ	https://orcid.org/0000-0001-5275-8866	apricot								IAO:0000122										
FOODON:00003478	drupe fruit	cherry (whole)	An edible drupe fruit of a cherry plant (Prunus).		drupe fruit' and 'derives from' some 'Prunus' and 'derives from' only 'Prunus'	FoodOn	2020-10-13T05:48:32 AMZ	https://orcid.org/0000-0001-5275-8866	cherry								IAO:0000122										
FOODON:00003413	cherry (whole)	sweet cherry (whole)	A drupe fruit of a sweet cherry plant (Prunus avium).	(drupe fruit' and 'derives from' some 'Prunus avium')		FoodOn	2020-11-12T12:43:23Z	https://orcid.org/0000-0001-5275-8866	sweet cherry								IAO:0000122										
http://purl.obolibrary.org/obo/FOODON_00003534	cherry (whole)	sour cherry (whole)	A drupe fruit of a sour cherry plant (Prunus cerasus)	(drupe fruit' and 'derives from' some 'Prunus cerasus')																							
FOODON:03315502	drupe fruit	peach (whole)	A drupe fruit of a peach tree (Prunus persica)	(drupe fruit' and 'derives from' some 'Prunus persica')		FoodOn	2020-10-13T05:48:32 AMZ	https://orcid.org/0000-0001-5275-8866	peach								IAO:0000122										
FOODON:00003481	peach (whole)	clingstone peach (whole)	A peach with a pit that clings to the pulp of the fruit.			FoodOn	2020-10-13T05:48:32 AMZ	https://orcid.org/0000-0001-5275-8866	clingstone peach																		
FOODON:00003482	peach (whole)	freestone peach (whole)	A peach with a pit that is easily seperable from its fruit pulp.			FoodOn	2020-10-13T05:48:32 AMZ	https://orcid.org/0000-0001-5275-8866	freestone peach																		
	freestone peach (whole)	snow white peach (whole)	A white fleshed freestone peach with from a snow white peach tree (Prunus persica).			https://www.gurneys.com/product/snow-white-peach-tree																					
FOODON:00003483	drupe fruit	plum (whole)	A drupe fruit of a plum plant (Prunus subg. Prunus).		drupe fruit' and 'derives from' some  'Prunus subg. Prunus' and 'derives from' only 'Prunus subg. Prunus'	FoodOn	2020-10-13T05:48:32 AMZ	https://orcid.org/0000-0001-5275-8866	plum																		
http://purl.obolibrary.org/obo/FOODON_00003535	plum (whole)	blue plum (whole)	A blue-fleshed drupe fruit of a plum plant.		 'has quality' some 'blue skin' 	https://leafyplace.com/types-of-plums/	2020-10-20T12:40:23 PMZ	https://orcid.org/0000-0001-5275-8866	blue plum																		
http://purl.obolibrary.org/obo/FOODON_00003536	plum (whole)	purple plum (whole)	A purple-fleshed drupe fruit of a plum plant		 'has quality' some 'purple skin' 	https://leafyplace.com/types-of-plums/	2020-10-20T12:28:11 PMZ	https://orcid.org/0000-0001-5275-8866	purple plum																		
http://purl.obolibrary.org/obo/FOODON_03301721	drupe fruit	prune (whole)	A dried drupe fruit of a plum plant (Prunus subg. Prunus)		drupe fruit' and has quality 'dried' and 'derives from' some 'Prunus subg. Prunus'	FoodOn	2020-11-04T01:03:54 PMZ	https://orcid.org/0000-0001-5275-8866	prune | dried plums																		
http://purl.obolibrary.org/obo/FOODON_00003099	drupe fruit	lychee (whole)	A drupe fruit of a lychee tree (Litchi chinensis) .	(drupe fruit' and derives from some 'Litchi chinensis')		https://www.scienceofcooking.com/food-encyclopedia/lychee.htm	2020-10-23T9:33:06 PMZ	https://orcid.org/0000-0001-5275-8866	lychee | litchi | lichi																		
http://purl.obolibrary.org/obo/FOODON_03317509	drupe fruit	olive (whole)	A drupe fruit of an olive tree (Olea europaea).	(drupe fruit' and 'derives from' some 'Olea europaea')		https://en.wikipedia.org/wiki/Olive	2020-10-20T06:10:56 PMZ	https://orcid.org/0000-0001-5275-8866	olive																		
http://purl.obolibrary.org/obo/FOODON_00003025	olive (whole)	black olive (whole)	A fully mature black/purple/brown colored drupe fruit of an olive tree (Olea europaea).			https://en.wikipedia.org/wiki/Olive	2020-10-19T03:54:19 PMZ	https://orcid.org/0000-0001-5275-8866	black olive | ripe olive																		
http://purl.obolibrary.org/obo/FOODON_00003538	drupe fruit	mango (whole)	A drupe fruit of a mango tree (Mangifera indica).	(drupe fruit' and derives from some 'Mangifera indica')		https://en.wikipedia.org/wiki/Papaya	2020-10-19T10:21:26 PMZ	https://orcid.org/0000-0001-5275-8866	mango																		
FOODON:00003486	pepo fruit	pumpkin (whole)	A orange-yellow pepo fruit varietal of the Cucurbita pepo species.		pepo fruit' and has quality some 'orange-yellow' and derives from' some 'Cucurbita pepo'	FoodOn	2020-10-14T01:29:01 AMZ 	https://orcid.org/0000-0001-5275-8866	squash | winter squash																		
http://purl.obolibrary.org/obo/FOODON_00003539	pepo fruit	squash (whole)	A pepo fruit varietal of a squash plant (Cucurbita pepo).		pepo fruit' and derives from some 'Cucurbita pepo'	https://en.wikipedia.org/wiki/Cucurbita	2020-10-20T12:01:59 PMZ	https://orcid.org/0000-0001-5275-8866	squash | pumpkin |  gourd																		
http://purl.obolibrary.org/obo/FOODON_00003540	pepo fruit	papaya (whole)	A pepo fruit of a papaya tree (Carica papaya).	(pepo fruit' and derives from some 'Carica papaya')		https://en.wikipedia.org/wiki/Papaya	2020-10-19T10:09:55 PMZ	https://orcid.org/0000-0001-5275-8866	papaya | papaw | pawpaw 																		
FOODON:00003041	pome fruit	pear (whole)	A pome fruit of a pear tree (Pyrus).		pome fruit' and 'derives from' some 'Pyrus' and 'derives from' only 'Pyrus'	FoodOn	2020-10-14T02:25:28 AMZ 	https://orcid.org/0000-0001-5275-8866	pear																		
http://purl.obolibrary.org/obo/FOODON_00003541	berry fruit	blueberry (whole)	A berry fruit of a blueberry plant (Vaccinium sect. Cyanococcus).	(berry fruit' and 'derives from' some 'Vaccinium sect. Cyanococcus')		https://en.wikipedia.org/wiki/Blueberry	2020-10-19T03:43:49 PMZ	https://orcid.org/0000-0001-5275-8866	blueberry																		
http://purl.obolibrary.org/obo/FOODON_00003542	berry fruit	lingonberry (whole)	A berry fruit of a lingonberry plant (Vaccinium vitis-idaea).	(berry fruit' and 'derives from' some 'Vaccinium vitis-idaea')		FoodOn	2020-10-19T12:24:27 AMZ	https://orcid.org/0000-0001-5275-8866	lingonberry | partridgeberry | mountain cranberry | cowberry																		
http://purl.obolibrary.org/obo/FOODON_00003543	berry fruit	gooseberry (whole)	A berry fruit of a gooseberry plant (Ribes uva-crispa).	(berry fruit' and derives from some 'Ribes uva-crispa')		https://www.sciencedirect.com/topics/biochemistry-genetics-and-molecular-biology/gooseberry	2020-10-23T1:45:15 PMZ	https://orcid.org/0000-0001-5275-8866	gooseberry | european gooseberry																		
http://purl.obolibrary.org/obo/FOODON_00003544	berry fruit	huckleberry (whole)	A berry fruit of a huckleberry plant.		berry fruit' and derives from some 'Vaccinium' and 'derives from' some 'Gaylussacia'	https://en.wikipedia.org/wiki/Huckleberry	2020-10-23T1:52:23 PMZ	https://orcid.org/0000-0001-5275-8866	huckleberry																		
FOODON:00003520	berry fruit	pepper (whole)	A berry fruit of a pepper plant (Capsicum)	(berry fruit' and derives from some 'Capsicum')		https://www.britannica.com/plant/pepper-plant-Capsicum-genus	2020-10-14T02:39:11 AMZ 	https://orcid.org/0000-0001-5275-8866	pepper | peppers																		
http://purl.obolibrary.org/obo/FOODON_00003545	pepper (whole)	hot pepper (whole)	A berry fruit of a hot pepper plant.		berry fruit' and derives from some 'Capsicum annuum' and 'derives from' only 'Capsicum annuum'																						
http://purl.obolibrary.org/obo/FOODON_00003494	hot pepper (whole)	jalapeno pepper (whole)	A berry fruit of a jalapeno pepper plant (Capsicum annuum).	(berry fruit' and derives from some 'jalapeno pepper plant')		FoodOn	2020-10-19T03:07:01 PMZ	https://orcid.org/0000-0001-5275-8866	jalapeno pepper																		
FOODON:00003484	pepper (whole)	pimiento (whole)	A berry fruit of a pimiento pepper plant (Capsicum annuum).	(berry fruit' and 'derives from' some 'pimiento pepper plant')	berry fruit' and 'derives from' some 'Capsicum annuum'and 'derives from' only 'Capsicum annuum'	FoodOn	2020-10-13T09:06:01 AMZ 	https://orcid.org/0000-0001-5275-8866	pimento | cherry pepper																		
http://purl.obolibrary.org/obo/FOODON_00003546	pepper (whole)	bell pepper (whole)	A berry fruit in the Grossum cultivar group of a bell pepper plant (Capsicum annuum)	(berry fruit' and derives from some 'bell pepper plant')	berry fruit' and 'derives from' some 'Capsicum annuum'and 'derives from' only 'Capsicum annuum'				bell pepper | sweet pepper | pepper | capsicum 																		
FOODON:00003485	bell pepper (whole)	sweet red bell pepper (whole)	A ripened red colored berry fruit of a bell pepper plant cultivar. 	(berry fruit' and derives from some 'red bell pepper plant')		FoodOn	2020-10-14T12:37:01 AMZ 	https://orcid.org/0000-0001-5275-8866	sweet red bell pepper | bell pepper |  sweet pepper | pepper | capsicum																		
http://purl.obolibrary.org/obo/FOODON_00003547	bell pepper (whole)	sweet green bell pepper (whole)	An immature green colored berry fruit of a bell pepper plant cultivar. 	(berry fruit' and derives from some 'green bell pepper plant')		FoodOn	2020-10-14T07:08:14 PMZ	https://orcid.org/0000-0001-5275-8866	sweet green pepper | bell pepper |  sweet pepper | pepper | capsicum																		
http://purl.obolibrary.org/obo/FOODON_00003548	bell pepper (whole)	sweet yellow bell pepper (whole)	A mature yellow colored berry fruit of a bell pepper plant cultivar. 	(berry fruit' and derives from some 'yellow bell pepper plant')					sweet yellow pepper | bell pepper | capsicum |pepper |sweet pepper 																		
http://purl.obolibrary.org/obo/FOODON_00003550	bell pepper (whole)	sweet orange bell pepper (whole)	A mature orange colored berry fruit of a bell pepper plant cultivar. 	(berry fruit' and derives from some 'orange bell pepper plant')					sweet orange pepper | bell pepper | capsicum |pepper |sweet pepper 																		
FOODON:00003458	spear	asparagus (whole)	A spear of an asparagus plant (Asparagus officinalis)	(spear' and 'derives from' some 'Asparagus officinalis')		FoodOn	2020-10-13T05:48:32 AMZ	https://orcid.org/0000-0001-5275-8866	asaparagus																		
http://purl.obolibrary.org/obo/FOODON_00003551	asparagus (whole)	green asparagus spear	A green-colored spear of a green asparagus plant.						garden asparagus																		
http://purl.obolibrary.org/obo/FOODON_00003552	asaparagus (whole)	white asparagus spear	A white-colored spear of a white asparagus plant which grows underground, without chlorophyll.			FoodOn	2020-10-21T05:37:26 PMZ	https://orcid.org/0000-0001-5275-8866	white asparagus | edible ivory |white gold asparagus | royal vegetable																		
http://purl.obolibrary.org/obo/FOODON_00003553	asparagus (whole)	purple asparagus spear	A purple-colored spear of a purple asparagus plant.			https://en.wikipedia.org/wiki/Asparagus	2020-11-13T11:43:36 PMZ	https://orcid.org/0000-0001-5275-8866	purple asparagus																		
http://purl.obolibrary.org/obo/FOODON_00003324	hesperidium fruit	citrus fruit (whole)	A hesperidium fruit of a citrus plant (Citrus).	(hesperidium fruit' and derives from some 'Citrus')		FoodOn	2020-10-20T06:54:39 PMZ	https://orcid.org/0000-0001-5275-8866	citrus fruit																		
FOODON:00003488	hesperidium fruit	tangerine (whole)	A hesperidium fruit of a tangerine tree (Citrus tangerina).	(hesperidium fruit' and 'derives from' some 'Citrus tangerina')		FoodOn	2020-10-14T02:10:01 AMZ 	https://orcid.org/0000-0001-5275-8866	tangerine																		
http://purl.obolibrary.org/obo/FOODON_00003554	hesperidium fruit	grapefruit (whole)	A hesperidium fruit of a grapefruit tree (Citrus × paradisi).	(hesperidium fruit' and derives from some 'Citrus × paradisi')		https://en.wikipedia.org/wiki/Hesperidium	2020-10-19T12:18:26 AMZ	https://orcid.org/0000-0001-5275-8866	grapefruit																		
http://purl.obolibrary.org/obo/FOODON_00003555	hesperidium fruit	mandarin orange (whole)	A hesperidium fruit of a mandarin orange tree (Citrus reticulata).	(hesperidium fruit' and derives from some 'Citrus reticulata')			2020-10-21T05:00:20 PMZ	https://orcid.org/0000-0001-5275-8866	mandarin orange |mandarin | mandarine																		
FOODON:00003477	aggregate fruit	drupelet berry (whole)	An aggregate fruit having an aggregate of drupelets from a berry bearing plant.		agregate fruit' and 'derives from' some 'berry plant'		2020-10-13T05:48:32 AMZ	https://orcid.org/0000-0001-5275-8866	drupelet berry								IAO:0000122										
FOODON:00003479	aggregate fruit	loganberry (whole)	An aggregate fruit of a loganberry plant (Rubus × loganobaccus).	(agregate fruit' and 'derives from' some 'Rubus × loganobaccus')			2020-10-13T05:48:32 AMZ	https://orcid.org/0000-0001-5275-8866	loganberry 								IAO:0000122										
FOODON:00003480	aggregate fruit	cloudberry (whole)	An aggregate fruit of a cloudberry plant (Rubus chamaemorus).	(agregate fruit' and 'derives from' some 'Rubus chamaemorus')			2020-10-13T05:48:32 AMZ	https://orcid.org/0000-0001-5275-8866	nordic berry | bakeapple | knotberry | knoutberry | aqpik | low-bush salmonberry | averin | evron								IAO:0000122										
FOODON:00003487	aggregate fruit	blackberry (whole)	An aggregate fruit of a blackberry plant (Rubus).		aggregate fruit' and 'derives from' some 'Rubus' and 'derives from' only 'Rubus'	https://en.wikipedia.org/wiki/Blackberry	2020-10-14T01:29:01 AMZ 	https://orcid.org/0000-0001-5275-8866	blackberry 																		
FOODON:00003490	aggregate fruit	black raspberry (whole)	An aggregate fruit of a black raspberry plant (Rubus occidentalis).	(aggregate fruit' and 'derives from'some 'Rubus occidentalis')		https://en.wikipedia.org/wiki/Rubus_occidentalis	2020-10-14T11:49:23 AMZ	https://orcid.org/0000-0001-5275-8866	wild black raspberry | bear's eye blackberry | black caps |  black cap raspberry | scotch cap.																		
http://purl.obolibrary.org/obo/FOODON_00003556	aggregate fruit	boysenberry (whole)	An aggregate fruit of a boysenberry plant (R. ursinus × R. idaeus).	(aggregate fruit' and derives from some 'R. ursinus × R. idaeus')		https://en.wikipedia.org/wiki/Boysenberry	2020-10-23T12:22:11 PMZ	https://orcid.org/0000-0001-5275-8866	boysenberry 																		
http://purl.obolibrary.org/obo/FOODON_00003557	aggregate fruit	dewberry (whole)	An aggregate fruit of a dewberry plant (Rubus).		aggregate fruit' and 'derives from' some ' Rubus' and derives from' only 'Rubus'	https://en.wikipedia.org/wiki/Dewberry	2020-10-23T12:36:15 PMZ	https://orcid.org/0000-0001-5275-8866	dewberry																		
FOODON:00003445	tuberous root tuber	sweet potato (whole)	A tuberous root tuber of a sweet potato plant (Ipomoea batatas).	(tuberous root tuber'and 'derives from' some 'Ipomoea batatas')		https://en.wikipedia.org/wiki/Sweet_potato	2020-10-14T01:36:01 AMZ 	https://orcid.org/0000-0001-5275-8866	sweet potato | sweetpotato 																		
http://purl.obolibrary.org/obo/FOODON_00003558	potato (whole)	yellow potato (whole)	A shoot axis tuber of a potato plant cultivar having golden yellow flesh.			https://en.wikipedia.org/wiki/Potato			yellow potato |yukon potato																		
http://purl.obolibrary.org/obo/FOODON_00003559	potato (whole)	white potato (whole)	A shoot axis tuber of a white potato plant cultivar having white or tan skin and white flesh.																								
FOODON:03316347	bulb	onion (whole)	 A bulb of an onion plant (Allium cepa).	(bulb' and derives from some  'Allium cepa')		FoodOn	2020-10-21T05:43:41 PMZ	https://orcid.org/0000-0001-5275-8866	bulb onion | common onion																		
FOODON:00003518	onion (whole)	white onion (whole)	A bulb of a white onion plant cultivar																								
FOODON:00003516	onion (whole)	red onion (whole)	A bulb of a red onion plant cultivar																								
FOODON:00003517	onion (whole)	yellow onion (whole)	A bulb of a yellow onion plant cultivar																								
	seed	legume (whole)	A seed of a legume plant in the family Fabaceae.	(seed' and derives from' some 'Fabaceae')		FoodOn	2020-10-21T09:28:28 PMZ	https://orcid.org/0000-0001-5275-8866																			
FOODON:00002753	seed	bean (whole)	A seed of a bean plant from one of several genera of the flowering plant family (Fabaceae).		seed' and 'derives from' some 'Fabaceae' and 'derives from' only 'Fabaceae'	FoodOn	2020-10-14T07:28:59 PMZ	https://orcid.org/0000-0001-5275-8866	bean																		
http://purl.obolibrary.org/obo/FOODON_00002761	seed	kidney bean (whole)	A kidney shaped seed of a kidney bean plant, a varietal of a common bean plant (Phaseolus vulgaris).		seed' and 'derives from' some 'Phaseolus vulgaris' and 'derives from' only 'Phaseolus vulgaris'.	FoodOn	2020-10-21T11:14:29 AMZ	https://orcid.org/0000-0001-5275-8866	kidney bean																		
http://purl.obolibrary.org/obo/FOODON_03309779	kidney bean (whole)	red kidney bean (whole)	A red kidney shaped seed of a red kidney bean plant.			FoodOn	2020-10-19T03:33:01 PMZ	https://orcid.org/0000-0001-5275-8866	red kidney bean, common kidney bean																		
http://purl.obolibrary.org/obo/FOODON_00003011	seed	wax bean (whole)	A seed of a wax bean plant having a yellow or white colored pod, a varietal of a common bean plant (phaseolus vulgaris).		seed' and 'derives from' some 'phaseolus vulgaris' and 'derives from' only 'phaseolus vulgaris'	FoodOn	2020-10-21T05:21:13 PMZ	https://orcid.org/0000-0001-5275-8866	wax bean | yellow bean | yellow wax bean																		
FOODON:03310058	seed	great northern bean (whole)	A seed of a great northern bean plant which is a varietal of a common bean plant (Phaseolus vulgaris).		seed' and 'derives from' some 'Phaseolus vulgaris' and 'derives from' only 'Phaseolus vulgaris'	FoodOn	2020-10-14T12:28:56 AMZ	https://orcid.org/0000-0001-5275-8866	great northern bean | large white bean																		
http://purl.obolibrary.org/obo/FOODON_03309759	seed	pinto bean (whole)	A seed of a pinto bean plant which is a varietal in a pinto group of a common bean plant (Phaseolus vulgaris).		seed' and 'deirves from' some 'Phaseolus vulgaris' and 'derives from' only 'Phaseolus vulgaris'	FoodOn	2020-10-21T09:15:36 PMZ	https://orcid.org/0000-0001-5275-8866	pinto bean																		
FOODON:03302053	seed	lima bean (whole)	A seed of a lima bean plant (Phaseolus lunatus).	(seed' and 'derives from' some 'Phaseolus lunatus')		FoodOn	2020-10-14T12:24:27 AMZ	https://orcid.org/0000-0001-5275-8866	lima bean | butter bean | butterbean | sieva bean | double bean | Madagascar bean																		
FOODON:03309987	seed	rice bean (whole)	A seed of a ricebean plant (Vigna umbellata).	(seed' and 'derives from' some 'Vigna umbellata')		FoodOn	2020-10-14T02:32:20 AMZ 	https://orcid.org/0000-0001-5275-8866	ricebean | rice bean																		
http://purl.obolibrary.org/obo/FOODON_03301300	seed	pea (whole)	A seed of a pea plant (Pisum sativum).	(seed' and 'derives from' some 'Pisum sativum')		https://en.wikipedia.org/wiki/Pea	2020-10-20T01:29:50 PMZ	https://orcid.org/0000-0001-5275-8866	pea																		
http://purl.obolibrary.org/obo/FOODON_00003560	pea (whole)	field pea (whole)	A seed of a field pea plant which is a varietal of a common pea plant (Pisum sativum subsp. arvense).	(seed' and 'derives from' some 'Pisum sativum subsp. arvense' )		FoodOn	2020-10-20T04:23:40 PMZ	https://orcid.org/0000-0001-5275-8866	field pea | dun (grey-brown) pea | kapucijner pea | austrian winter pea																		
http://purl.obolibrary.org/obo/FOODON_03317199	seed	green pea (whole)	A green-colored seed of a pea plant (Pisum sativum).		seed' and 'has quality' some 'green' and 'derives from' some 'Pisum sativum'	FoodOn	2020-10-20T07:06:11 PMZ	https://orcid.org/0000-0001-5275-8866	green pea																		
http://purl.obolibrary.org/obo/FOODON_00003561	seed	sweet pea (whole)	A seed of a sweet pea plant (Lathyrus odoratus).	(seed' and 'derives from' some 'Lathyrus odoratus')			2020-10-20T01:11:20 PMZ	https://orcid.org/0000-0001-5275-8866	sweet pea																		
FOODON:00003491	cowpea (whole)	blackeyed pea (whole)	A black marked seed of a blackeyed pea plant, a cultivar of a cowpea plant (Vigna unguiculata).			FoodOn	2020-10-14T12:02:56 PMZ	https://orcid.org/0000-0001-5275-8866	black-eyed pea | black-eyed bean																		
http://purl.obolibrary.org/obo/FOODON_00003562	seed	field corn kernel	A seed of a field corn plant (Zea mays).	(seed' and derives from some 'Zea mays')		FoodOn	2020-10-23T12:17:23 PMZ	https://orcid.org/0000-0001-5275-8866	field corn																		
http://purl.obolibrary.org/obo/FOODON_03301446	germinated or sprouted seed	mung bean sprout	A germinated or sprouted seed of a mung bean plant (Vigna radiata).	(germinated or sprouted seed' and 'derives from' some 'Vigna radiata')		FoodOn	2020-10-14T06:41:31 PMZ	https://orcid.org/0000-0001-5275-8866	Mung bean sprout																		
http://purl.obolibrary.org/obo/FOODON_00003563	nut fruit	chestnut (whole)	A nut fruit of a chestnut tree (Castanea).	(nut fruit' and 'derives from' some 'Castanea')		FoodOn	2020-10-21T10:08:33 PMZ	https://orcid.org/0000-0001-5275-8866	chestnut 																		
http://purl.obolibrary.org/obo/FOODON_00003566	bramble fruit	youngberry (whole)	A bramble fruit of a youngberry plant which is a hybrid between three different species; the raspberries, blackberries, and dewberries from the genus Rubus (Rubus).	(bramble fruit' and 'derives from' some 'youngberry plant')	bramble fruit and 'derives from' some 'Rubus' and 'derives from' only 'Rubus'.	FoodOn	2020-10-23T1:57:23 PMZ	https://orcid.org/0000-0001-5275-8866	youngberry																		
FOODON:00003521	fruit	common berry (whole) 	A juicy, rounded, brightly colored fruit without a stone or pit, though pips or seeds may be present.			https://en.wikipedia.org/wiki/Berry_(botany)	2020-10-23T9:28:05 PMZ	https://orcid.org/0000-0001-5275-8866	berry																		
http://purl.obolibrary.org/obo/FOODON_00003567	fruit	tropical fruit (whole)	A fruit of a tropical or subtropical fruit producing plant.	(fruit' and 'derives from' some 'tropical or subtropical producing plant')		FoodOn	2020-10-19T12:01:19 AMZ	https://orcid.org/0000-0001-5275-8866	tropical fruit																		
FOODON:00003489	fruit	akee (whole)	A fruit of an akee tree which is poisonous until cooked (Blighia sapida).	(fruit' and 'derives from' some 'Blighia sapida')		https://en.wikipedia.org/wiki/Blighia_sapida	2020-10-14T05:52:02 AMZ 	https://orcid.org/0000-0001-5275-8866	ackee | ankye | achee | akee | ackee apple | ayee																		
http://purl.obolibrary.org/obo/FOODON_00003568	fruit	mangosteen (whole)	A fruit of a mangosteen plant (Garcinia mangostana).	(fruit' and 'derives from' some 'Garcinia mangostana')		FoodOn	2020-10-19T10:00:01 PMZ	https://orcid.org/0000-0001-5275-8866	mangosteen | purple mangosteen																		
http://purl.obolibrary.org/obo/FOODON_00003569	fruit	star apple (whole)	A fruit of a star apple tree (Chrysophyllum cainito).	(fruit' and 'derives from' some 'Chrysophyllum cainito')		FoodOn	2020-10-20T06:41:31 PMZ	https://orcid.org/0000-0001-5275-8866	cainito | caimito | tar apple | star apple | purple star apple | golden leaf tree | abiaba, pomme de lait | estrella | milk fruit| aguay																		
http://purl.obolibrary.org/obo/FOODON_00003141	fruit	heart of palm	An inner core and growing bud of certain palm trees, including coconut, acai palm, sabal, and juçara		derives from' some 'Chamaerops humilis'	http://sarapiquiecoorganico.com/palm-heart/ | https://en.wikipedia.org/wiki/Heart_of_palm	2020-10-21T09:46:16 PMZ	https://orcid.org/0000-0001-5275-8866	Palmito | Palmetto |Palm Heart																		
http://purl.obolibrary.org/obo/FOODON_00003570	tomato (whole)	pear tomato (whole)	A pear shaped heirloom fruit varietal of a tomato plant (Solanum lycopersicum). 		has quality' some 'red/orange/yellow'	FoodOn	2020-10-20T07:07:27 PMZ	https://orcid.org/0000-0001-5275-8866	pear tomato | teardrop tomato																		
http://purl.obolibrary.org/obo/FOODON_00003571	tuber	water chestnut (whole)	A tuber of a water chest nut plant (Eleocharis dulcis).	(tuber' and derives from some 'Eleocharis dulcis')		https://en.wikipedia.org/wiki/Eleocharis_dulcis	2020-10-19T09:18:27 PMZ	https://orcid.org/0000-0001-5275-8866	Chinese water chestnut | water chestnut																		
http://purl.obolibrary.org/obo/FOODON_00003572	root,tuber or bulb	root vegetable (whole)	An underground plant part eaten as food by humans.			FoodOn	2020-10-23T10:00:00 PMZ	https://orcid.org/0000-0001-5275-8866	root vegetable																		
http://purl.obolibrary.org/obo/FOODON_00003408	root	carrot root (whole)	A root of a carrot plant (Daucus carota).	(root' and 'derives from' some 'Daucus carota')		FoodOn	2020-10-19T11:48:04 PMZ	https://orcid.org/0000-0001-5275-8866	carrot																		
http://purl.obolibrary.org/obo/FOODON_00003432	stalk	rhubarb (whole)	A stalk of a rhubarb plant (Rheum rhabarbarum).	(stalk' and 'derives from' some 'Rheum rhabarbarum')		FoodOn	2020-10-19T09:16:01 PMZ	https://orcid.org/0000-0001-5275-8866	rhubarb																		
FOODON:00003493	flower bud	caper (whole)	An edible flower bud of a caper plant (Capparis spinosa).	(flower bud' and 'derives from' some 'Capparis spinosa')		FoodOn	2020-10-14T07:45:09 PMZ	https://orcid.org/0000-0001-5275-8866	caper | caper bush | Flinders rose																		
http://purl.obolibrary.org/obo/FOODON_00003573	inflorescence	artichoke (whole)	An inflorescence of an artichoke plant (Cynara cardunculus var. scolymus).	( 'inflorescence' and derives from some 'Cynara cardunculus var. scolymus')			2020-10-19T04:14:01 PMZ	https://orcid.org/0000-0001-5275-8866	french artichoke | green artichoke																		
FOODON:00003502	pericarp	star anise (whole)	A pericarp from the Star Anise (Illicium verum) tree.	(pericarp and 'derives from' some 'Illicium verum')					Chinese star anise | star anise | staranise																		
http://purl.obolibrary.org/obo/FOODON_00003574	egg	waterfly egg (whole)	An egg of a waterfly insect. 	(egg' and derives from some 'waterfly')																							
FOODON:00002704	chicken	chicken (whole)	A chicken with all its parts intact and mainly including the giblets stuffed in the cavity. (Gallus gallus domesticus).	(chicken' and 'derives from' some 'Gallus gallus domesticus')	 'has quality' some 'white and dark meat'	https://www.recipetips.com/kitchen-tips/t--365/chicken-description-of-parts.asp	2020-10-14T07:24:02 PMZ	https://orcid.org/0000-0001-5275-8866	chicken																		
																											
	seed	black bean (whole)/ black turtle bean (whole)	A  small, shiny variety of a common bean plant (Phaseolus vulgaris).		seed' and 'deirves from' some 'Phaseolus vulgaris' and 'derives from' only 'Phaseolus vulgaris'	FoodOn	2020-10-19T04:14:01 PMZ	https://orcid.org/0000-0001-5275-8866	black bean | black turtle bean																		
	bean (whole)	brown bean (whole)	A chestnut brown colored seed with a small white-eye, a varietal of a dried bean.		seed' and derives from some 'bean plant' and 'has quality' some 'food(dried)'		2020-10-19T04:14:01 PMZ	https://orcid.org/0000-0001-5275-8866	brown bean																		
	seed	cranberry bean (whole)	A seed of a cranberry bean plant which is a varietal of a common bean plant (Phaseolus vulgaris)		seed' and 'deirves from' some 'Phaseolus vulgaris' and 'derives from' only 'Phaseolus vulgaris'		2020-10-19T04:14:01 PMZ	https://orcid.org/0000-0001-5275-8866	cranberry bean | borlotti bean 																		
	seed	navy bean (whole)	A white colored seed of a navy bean plant which is a varietal of a common bean plant (Phaseolus vulgaris)		seed' and 'deirves from' some 'Phaseolus vulgaris' and 'derives from' only 'Phaseolus vulgaris'		2020-10-19T04:14:01 PMZ	https://orcid.org/0000-0001-5275-8866	navy bean | haricot | pearl haricot bean | boston bean | white pea bean | pea bean																		
	seed	pink bean (whole)	 A small, pale pink, oval-shaped seed of a pink bean plant which is a varietal of a common bean plant (Phaseolus vulgaris).		seed' and 'deirves from' some 'Phaseolus vulgaris' and 'derives from' only 'Phaseolus vulgaris'		2020-10-19T04:14:01 PMZ	https://orcid.org/0000-0001-5275-8866	pink bean																		
	seed	adzuki bean (whole)	A seed of a adzuki bean plant (Vigna angularis)	(seed' and 'derives from' some 'Vigna angularis')			2020-10-19T04:14:01 PMZ	https://orcid.org/0000-0001-5275-8866	azuki bean | aduki bean | red mung bean																		
		green bean (whole)	An unripe, young fruit of various cultivars of a common bean plant (Phaseolus vulgaris). 					https://orcid.org/0000-0001-5275-8866	snap bean | string bean | stringless bean 																		
	egg	hen egg (whole)	An egg of a female chicken/chicken hen.	(egg and 'derives from' some 'gallus gallus domesticus')					hen egg | chicken egg																		
	hen egg (whole)	hen egg white	 The clear liquid contained within an egg.			https://en.wikipedia.org/wiki/Egg_white			albumen | glair | glaire																		
	hen egg (whole)	hen egg yolk	A fatty part of an egg from hen.			efsa foodex2-FoodOn																					
	pepo fruit	cantaloupe (whole)	A pepo fruit of a cantaloupe plant (Cucumis melo var. cantalupo).	(pepo fruit' and 'derives from' some 'Cucumis melo var. cantalupo')		FoodOn	2020-11-27T07:15:01 PMZ	https://orcid.org/0000-0001-5275-8866	cantaloupe | rockmelon | sweet melon | spanspek																		
	berry fruit	kiwifruit (whole) Genus has around 60 species, but  the most commonly sold kiwifruit is derived from A. deliciosa 	A berry fruit of a kiwifruit plant ( Actinidia deliciosa).	(berry fruit' and 'derives from' some 'Actinidia deliciosa')		FoodOn	2020-11-30T13:14:34 PMZ	https://orcid.org/0000-0001-5275-8866	kiwifruit | kiwi| Chinese gooseberry | fuzzy kiwifruit																		
	hesperidium fruit	navel orange (whole) sweet orange (Citrus sinensis) includes navel orange and blood orange	A hesperidium fruit of a navel orange plant (Citrus sinensis)		hesperidium fruit' and 'derives from' some 'Citrus sinensis' and 'derives from' only 'Citrus sinensis'	FoodOn	2020-11-30T13:15:00PMZ	https://orcid.org/0000-0001-5275-8866	navel orange 																		
	pear (whole)	williams pear (whole)	A pome fruit of a williams bon chrétien pear plant, cultivar of an european pear (Pyrus communis)		pome fruit' and derives from some 'Pyrus communis' and 'derives from' only 'Pyrus communis'	FoodOn	2020-11-30T13:17:20PMZ	https://orcid.org/0000-0001-5275-8866	williams pear | williams' bon chrétien pear | bartlett pear																		
	tomato (whole)	grape tomato (whole)	A berry fruit of a grape tomato plant.						grape tomato																		
	druoe fruit	almond (whole)	A drupe fruit of an almond plant (Prunus dulcis).	(drupe fruit' and 'derives from' some 'Prunus dulcis')		https://en.wikipedia.org/wiki/Almond	2020-11-28T11:27:21 PMZ	https://orcid.org/0000-0001-5275-8866	almond																		
	seed	sunflower seed (whole)	A seed of a sunflower plant (Helianthus annuus)	(seed' and 'derives from' some 'Helianthus annuus')		https://en.wikipedia.org/wiki/Sunflower_seed	2020-11-30T04:49:32 PMZ		sunflower seed																		
	bulb	garlic (whole)	A bulb of a garlic plant (Allium sativum)	(bulb' and derives from some 'Allium sativum')		https://en.wikipedia.org/wiki/Garlic	2020-11-30T04:49:32 PMZ		garlic																		
	apple (whole)	red delicious apple (whole)	A pome fruit of a red delicious apple tree cultivar.	(pome fruit' and derives from some 'red delicious apple tree')																							
	apple (whole)	fuji apple (whole)	A pome fruit of a fuji apple tree cultivar.	(pome fruit' and derives from some 'fuji apple tree')					fiji apple																		
	apple (whole)	gala apple (whole)	A pome fruit of a gala apple tree cultivar.	(pome fruit' and derives from some 'gala apple tree')					gala apple																		
	apple (whole)	granny smith apple (whole)	A pome fruit of a granny smith apple tree cultivar.	(pome fruit' and derives from some 'granny smith apple tree')					granny smith apple																		
	drupe fruit	nectarine (whole)	A drupe fruit of a nectarine tree (Prunus persica var. nectarina).	(drupe fruit' and 'derives from' some 'Prunus persica var. nectarina')		FoodOn	2020-11-30T13:12:43 PMZ		nectarine																		
	red kidney bean (whole)	light red kidney bean (whole)	A light red kidney shaped seed of a light red kidney bean plant.		has quality' some 'light red' and 'has quality' some 'long'				light red kidney bean																		
	red kidney bean (whole)	dark red kidney bean (whole)	A dark red kidney shaped seed of a dark red kidney bean plant.		has quality' some 'dark red' and 'has quality' some 'small'				dark red kidney bean																		
																											